RecommendationRequestController.java,edu.ucsb.cs156.rec.controllers.RecommendationRequestController,org.pitest.mutationtest.engine.gregor.mutators.returns.EmptyObjectReturnValsMutator,allRecommendationRequests,70,KILLED,edu.ucsb.cs156.rec.controllers.RecommendationRequestControllerTests.[engine:junit-jupiter]/[class:edu.ucsb.cs156.rec.controllers.RecommendationRequestControllerTests]/[method:logged_in_user_can_get_all_recommendation_requests()]
RecommendationRequestController.java,edu.ucsb.cs156.rec.controllers.RecommendationRequestController,org.pitest.mutationtest.engine.gregor.mutators.NegateConditionalsMutator,deleteRecommendationRequest,149,KILLED,edu.ucsb.cs156.rec.controllers.RecommendationRequestControllerTests.[engine:junit-jupiter]/[class:edu.ucsb.cs156.rec.controllers.RecommendationRequestControllerTests]/[method:user_can_delete_a_recommendation_request()]
RecommendationRequestController.java,edu.ucsb.cs156.rec.controllers.RecommendationRequestController,org.pitest.mutationtest.engine.gregor.mutators.VoidMethodCallMutator,deleteRecommendationRequest,153,KILLED,edu.ucsb.cs156.rec.controllers.RecommendationRequestControllerTests.[engine:junit-jupiter]/[class:edu.ucsb.cs156.rec.controllers.RecommendationRequestControllerTests]/[method:user_can_delete_a_recommendation_request()]
RecommendationRequestController.java,edu.ucsb.cs156.rec.controllers.RecommendationRequestController,org.pitest.mutationtest.engine.gregor.mutators.returns.NullReturnValsMutator,deleteRecommendationRequest,154,KILLED,edu.ucsb.cs156.rec.controllers.RecommendationRequestControllerTests.[engine:junit-jupiter]/[class:edu.ucsb.cs156.rec.controllers.RecommendationRequestControllerTests]/[method:user_can_delete_a_recommendation_request()]
RecommendationRequestController.java,edu.ucsb.cs156.rec.controllers.RecommendationRequestController,org.pitest.mutationtest.engine.gregor.mutators.NegateConditionalsMutator,getAllRecommendationRequestsByProfessor,200,KILLED,edu.ucsb.cs156.rec.controllers.RecommendationRequestControllerTests.[engine:junit-jupiter]/[class:edu.ucsb.cs156.rec.controllers.RecommendationRequestControllerTests]/[method:logged_in_user_cant_get_all_recommendation_requests_by_non_existent_professor_id()]
RecommendationRequestController.java,edu.ucsb.cs156.rec.controllers.RecommendationRequestController,org.pitest.mutationtest.engine.gregor.mutators.returns.EmptyObjectReturnValsMutator,getAllRecommendationRequestsByProfessor,204,KILLED,edu.ucsb.cs156.rec.controllers.RecommendationRequestControllerTests.[engine:junit-jupiter]/[class:edu.ucsb.cs156.rec.controllers.RecommendationRequestControllerTests]/[method:logged_in_user_can_get_all_recommendation_requests_by_professor_id()]
RecommendationRequestController.java,edu.ucsb.cs156.rec.controllers.RecommendationRequestController,org.pitest.mutationtest.engine.gregor.mutators.NegateConditionalsMutator,getAllRecommendationRequestsByRequester,219,KILLED,edu.ucsb.cs156.rec.controllers.RecommendationRequestControllerTests.[engine:junit-jupiter]/[class:edu.ucsb.cs156.rec.controllers.RecommendationRequestControllerTests]/[method:logged_in_user_cant_get_all_recommendation_requests_by_non_existent_requester_id()]
RecommendationRequestController.java,edu.ucsb.cs156.rec.controllers.RecommendationRequestController,org.pitest.mutationtest.engine.gregor.mutators.returns.EmptyObjectReturnValsMutator,getAllRecommendationRequestsByRequester,223,KILLED,edu.ucsb.cs156.rec.controllers.RecommendationRequestControllerTests.[engine:junit-jupiter]/[class:edu.ucsb.cs156.rec.controllers.RecommendationRequestControllerTests]/[method:logged_in_user_can_get_all_recommendation_requests_by_requester_id()]
RecommendationRequestController.java,edu.ucsb.cs156.rec.controllers.RecommendationRequestController,org.pitest.mutationtest.engine.gregor.mutators.returns.NullReturnValsMutator,getById,88,KILLED,edu.ucsb.cs156.rec.controllers.RecommendationRequestControllerTests.[engine:junit-jupiter]/[class:edu.ucsb.cs156.rec.controllers.RecommendationRequestControllerTests]/[method:test_that_logged_in_user_can_get_by_id_when_the_id_exists()]
RecommendationRequestController.java,edu.ucsb.cs156.rec.controllers.RecommendationRequestController,org.pitest.mutationtest.engine.gregor.mutators.returns.NullReturnValsMutator,lambda$deleteRecommendationRequest$3,147,KILLED,edu.ucsb.cs156.rec.controllers.RecommendationRequestControllerTests.[engine:junit-jupiter]/[class:edu.ucsb.cs156.rec.controllers.RecommendationRequestControllerTests]/[method:user_tries_to_delete_non_existant_recommendation_request_and_gets_right_error_message()]
RecommendationRequestController.java,edu.ucsb.cs156.rec.controllers.RecommendationRequestController,org.pitest.mutationtest.engine.gregor.mutators.returns.NullReturnValsMutator,lambda$getById$0,86,KILLED,edu.ucsb.cs156.rec.controllers.RecommendationRequestControllerTests.[engine:junit-jupiter]/[class:edu.ucsb.cs156.rec.controllers.RecommendationRequestControllerTests]/[method:test_that_logged_in_user_can_get_by_id_when_the_id_does_not_exist()]
RecommendationRequestController.java,edu.ucsb.cs156.rec.controllers.RecommendationRequestController,org.pitest.mutationtest.engine.gregor.mutators.returns.NullReturnValsMutator,lambda$postRecommendationRequest$1,110,KILLED,edu.ucsb.cs156.rec.controllers.RecommendationRequestControllerTests.[engine:junit-jupiter]/[class:edu.ucsb.cs156.rec.controllers.RecommendationRequestControllerTests]/[method:a_student_user_cant_post_a_new_recommendation_request_with_non_existent_professor_user()]
RecommendationRequestController.java,edu.ucsb.cs156.rec.controllers.RecommendationRequestController,org.pitest.mutationtest.engine.gregor.mutators.returns.NullReturnValsMutator,lambda$postRecommendationRequest$2,117,KILLED,edu.ucsb.cs156.rec.controllers.RecommendationRequestControllerTests.[engine:junit-jupiter]/[class:edu.ucsb.cs156.rec.controllers.RecommendationRequestControllerTests]/[method:a_student_user_cant_post_a_new_recommendation_request_with_bad_request_type()]
RecommendationRequestController.java,edu.ucsb.cs156.rec.controllers.RecommendationRequestController,org.pitest.mutationtest.engine.gregor.mutators.returns.NullReturnValsMutator,lambda$updateRecommendationRequest$4,173,KILLED,edu.ucsb.cs156.rec.controllers.RecommendationRequestControllerTests.[engine:junit-jupiter]/[class:edu.ucsb.cs156.rec.controllers.RecommendationRequestControllerTests]/[method:admin_cannot_edit_recommendationrequest_that_does_not_exist()]
RecommendationRequestController.java,edu.ucsb.cs156.rec.controllers.RecommendationRequestController,org.pitest.mutationtest.engine.gregor.mutators.NegateConditionalsMutator,postRecommendationRequest,112,KILLED,edu.ucsb.cs156.rec.controllers.RecommendationRequestControllerTests.[engine:junit-jupiter]/[class:edu.ucsb.cs156.rec.controllers.RecommendationRequestControllerTests]/[method:a_student_user_can_post_a_new_recommendation_request()]
RecommendationRequestController.java,edu.ucsb.cs156.rec.controllers.RecommendationRequestController,org.pitest.mutationtest.engine.gregor.mutators.VoidMethodCallMutator,postRecommendationRequest,122,KILLED,edu.ucsb.cs156.rec.controllers.RecommendationRequestControllerTests.[engine:junit-jupiter]/[class:edu.ucsb.cs156.rec.controllers.RecommendationRequestControllerTests]/[method:a_student_user_can_post_a_new_recommendation_request()]
RecommendationRequestController.java,edu.ucsb.cs156.rec.controllers.RecommendationRequestController,org.pitest.mutationtest.engine.gregor.mutators.VoidMethodCallMutator,postRecommendationRequest,123,KILLED,edu.ucsb.cs156.rec.controllers.RecommendationRequestControllerTests.[engine:junit-jupiter]/[class:edu.ucsb.cs156.rec.controllers.RecommendationRequestControllerTests]/[method:a_student_user_can_post_a_new_recommendation_request()]
RecommendationRequestController.java,edu.ucsb.cs156.rec.controllers.RecommendationRequestController,org.pitest.mutationtest.engine.gregor.mutators.VoidMethodCallMutator,postRecommendationRequest,124,KILLED,edu.ucsb.cs156.rec.controllers.RecommendationRequestControllerTests.[engine:junit-jupiter]/[class:edu.ucsb.cs156.rec.controllers.RecommendationRequestControllerTests]/[method:a_student_user_can_post_a_new_recommendation_request()]
RecommendationRequestController.java,edu.ucsb.cs156.rec.controllers.RecommendationRequestController,org.pitest.mutationtest.engine.gregor.mutators.VoidMethodCallMutator,postRecommendationRequest,125,KILLED,edu.ucsb.cs156.rec.controllers.RecommendationRequestControllerTests.[engine:junit-jupiter]/[class:edu.ucsb.cs156.rec.controllers.RecommendationRequestControllerTests]/[method:a_student_user_can_post_a_new_recommendation_request()]
RecommendationRequestController.java,edu.ucsb.cs156.rec.controllers.RecommendationRequestController,org.pitest.mutationtest.engine.gregor.mutators.VoidMethodCallMutator,postRecommendationRequest,126,KILLED,edu.ucsb.cs156.rec.controllers.RecommendationRequestControllerTests.[engine:junit-jupiter]/[class:edu.ucsb.cs156.rec.controllers.RecommendationRequestControllerTests]/[method:a_student_user_can_post_a_new_recommendation_request()]
RecommendationRequestController.java,edu.ucsb.cs156.rec.controllers.RecommendationRequestController,org.pitest.mutationtest.engine.gregor.mutators.VoidMethodCallMutator,postRecommendationRequest,127,KILLED,edu.ucsb.cs156.rec.controllers.RecommendationRequestControllerTests.[engine:junit-jupiter]/[class:edu.ucsb.cs156.rec.controllers.RecommendationRequestControllerTests]/[method:a_student_user_can_post_a_new_recommendation_request()]
RecommendationRequestController.java,edu.ucsb.cs156.rec.controllers.RecommendationRequestController,org.pitest.mutationtest.engine.gregor.mutators.returns.NullReturnValsMutator,postRecommendationRequest,131,KILLED,edu.ucsb.cs156.rec.controllers.RecommendationRequestControllerTests.[engine:junit-jupiter]/[class:edu.ucsb.cs156.rec.controllers.RecommendationRequestControllerTests]/[method:a_student_user_can_post_a_new_recommendation_request()]
RecommendationRequestController.java,edu.ucsb.cs156.rec.controllers.RecommendationRequestController,org.pitest.mutationtest.engine.gregor.mutators.VoidMethodCallMutator,updateRecommendationRequest,177,KILLED,edu.ucsb.cs156.rec.controllers.RecommendationRequestControllerTests.[engine:junit-jupiter]/[class:edu.ucsb.cs156.rec.controllers.RecommendationRequestControllerTests]/[method:admin_can_edit_an_existing_recommendationrequest()]
RecommendationRequestController.java,edu.ucsb.cs156.rec.controllers.RecommendationRequestController,org.pitest.mutationtest.engine.gregor.mutators.VoidMethodCallMutator,updateRecommendationRequest,178,KILLED,edu.ucsb.cs156.rec.controllers.RecommendationRequestControllerTests.[engine:junit-jupiter]/[class:edu.ucsb.cs156.rec.controllers.RecommendationRequestControllerTests]/[method:admin_can_edit_an_existing_recommendationrequest()]
RecommendationRequestController.java,edu.ucsb.cs156.rec.controllers.RecommendationRequestController,org.pitest.mutationtest.engine.gregor.mutators.VoidMethodCallMutator,updateRecommendationRequest,179,KILLED,edu.ucsb.cs156.rec.controllers.RecommendationRequestControllerTests.[engine:junit-jupiter]/[class:edu.ucsb.cs156.rec.controllers.RecommendationRequestControllerTests]/[method:admin_can_edit_an_existing_recommendationrequest()]
RecommendationRequestController.java,edu.ucsb.cs156.rec.controllers.RecommendationRequestController,org.pitest.mutationtest.engine.gregor.mutators.VoidMethodCallMutator,updateRecommendationRequest,180,KILLED,edu.ucsb.cs156.rec.controllers.RecommendationRequestControllerTests.[engine:junit-jupiter]/[class:edu.ucsb.cs156.rec.controllers.RecommendationRequestControllerTests]/[method:admin_can_edit_an_existing_recommendationrequest()]
RecommendationRequestController.java,edu.ucsb.cs156.rec.controllers.RecommendationRequestController,org.pitest.mutationtest.engine.gregor.mutators.returns.NullReturnValsMutator,updateRecommendationRequest,184,KILLED,edu.ucsb.cs156.rec.controllers.RecommendationRequestControllerTests.[engine:junit-jupiter]/[class:edu.ucsb.cs156.rec.controllers.RecommendationRequestControllerTests]/[method:admin_can_edit_an_existing_recommendationrequest()]
UsersController.java,edu.ucsb.cs156.rec.controllers.UsersController,org.pitest.mutationtest.engine.gregor.mutators.VoidMethodCallMutator,deleteUser_Admin,74,KILLED,edu.ucsb.cs156.rec.controllers.UsersControllerTests.[engine:junit-jupiter]/[class:edu.ucsb.cs156.rec.controllers.UsersControllerTests]/[method:admin_can_delete_a_user()]
UsersController.java,edu.ucsb.cs156.rec.controllers.UsersController,org.pitest.mutationtest.engine.gregor.mutators.returns.NullReturnValsMutator,deleteUser_Admin,76,KILLED,edu.ucsb.cs156.rec.controllers.UsersControllerTests.[engine:junit-jupiter]/[class:edu.ucsb.cs156.rec.controllers.UsersControllerTests]/[method:admin_can_delete_a_user()]
UsersController.java,edu.ucsb.cs156.rec.controllers.UsersController,org.pitest.mutationtest.engine.gregor.mutators.returns.NullReturnValsMutator,lambda$deleteUser_Admin$1,72,KILLED,edu.ucsb.cs156.rec.controllers.UsersControllerTests.[engine:junit-jupiter]/[class:edu.ucsb.cs156.rec.controllers.UsersControllerTests]/[method:admin_tries_to_delete_non_existant_user_and_gets_right_error_message()]
UsersController.java,edu.ucsb.cs156.rec.controllers.UsersController,org.pitest.mutationtest.engine.gregor.mutators.returns.NullReturnValsMutator,lambda$toggleAdmin$2,85,KILLED,edu.ucsb.cs156.rec.controllers.UsersControllerTests.[engine:junit-jupiter]/[class:edu.ucsb.cs156.rec.controllers.UsersControllerTests]/[method:admin_tries_to_toggleAdmin_non_existant_user_and_gets_right_error_message()]
UsersController.java,edu.ucsb.cs156.rec.controllers.UsersController,org.pitest.mutationtest.engine.gregor.mutators.returns.NullReturnValsMutator,lambda$toggleProfessor$3,99,KILLED,edu.ucsb.cs156.rec.controllers.UsersControllerTests.[engine:junit-jupiter]/[class:edu.ucsb.cs156.rec.controllers.UsersControllerTests]/[method:admin_tries_to_toggle_professor_for_non_existant_user_and_gets_right_error_message()]
UsersController.java,edu.ucsb.cs156.rec.controllers.UsersController,org.pitest.mutationtest.engine.gregor.mutators.returns.NullReturnValsMutator,lambda$toggleStudent$4,111,KILLED,edu.ucsb.cs156.rec.controllers.UsersControllerTests.[engine:junit-jupiter]/[class:edu.ucsb.cs156.rec.controllers.UsersControllerTests]/[method:admin_tries_to_toggle_student_for_non_existant_user_and_gets_right_error_message()]
UsersController.java,edu.ucsb.cs156.rec.controllers.UsersController,org.pitest.mutationtest.engine.gregor.mutators.returns.NullReturnValsMutator,lambda$users$0,62,KILLED,edu.ucsb.cs156.rec.controllers.UsersControllerTests.[engine:junit-jupiter]/[class:edu.ucsb.cs156.rec.controllers.UsersControllerTests]/[method:api_users__admin_logged_in__search_for_user_that_does_not_exist()]
UsersController.java,edu.ucsb.cs156.rec.controllers.UsersController,org.pitest.mutationtest.engine.gregor.mutators.NegateConditionalsMutator,toggleAdmin,87,KILLED,edu.ucsb.cs156.rec.controllers.UsersControllerTests.[engine:junit-jupiter]/[class:edu.ucsb.cs156.rec.controllers.UsersControllerTests]/[method:admin_can_toggle_admin_status_of_a_user_from_false_to_true()]
UsersController.java,edu.ucsb.cs156.rec.controllers.UsersController,org.pitest.mutationtest.engine.gregor.mutators.VoidMethodCallMutator,toggleAdmin,87,KILLED,edu.ucsb.cs156.rec.controllers.UsersControllerTests.[engine:junit-jupiter]/[class:edu.ucsb.cs156.rec.controllers.UsersControllerTests]/[method:admin_can_toggle_admin_status_of_a_user_from_false_to_true()]
UsersController.java,edu.ucsb.cs156.rec.controllers.UsersController,org.pitest.mutationtest.engine.gregor.mutators.returns.NullReturnValsMutator,toggleAdmin,89,KILLED,edu.ucsb.cs156.rec.controllers.UsersControllerTests.[engine:junit-jupiter]/[class:edu.ucsb.cs156.rec.controllers.UsersControllerTests]/[method:admin_can_toggle_admin_status_of_a_user_from_false_to_true()]
UsersController.java,edu.ucsb.cs156.rec.controllers.UsersController,org.pitest.mutationtest.engine.gregor.mutators.NegateConditionalsMutator,toggleProfessor,101,KILLED,edu.ucsb.cs156.rec.controllers.UsersControllerTests.[engine:junit-jupiter]/[class:edu.ucsb.cs156.rec.controllers.UsersControllerTests]/[method:admin_can_toggle_professor_status_of_a_user_from_false_to_true()]
UsersController.java,edu.ucsb.cs156.rec.controllers.UsersController,org.pitest.mutationtest.engine.gregor.mutators.VoidMethodCallMutator,toggleProfessor,101,KILLED,edu.ucsb.cs156.rec.controllers.UsersControllerTests.[engine:junit-jupiter]/[class:edu.ucsb.cs156.rec.controllers.UsersControllerTests]/[method:admin_can_toggle_professor_status_of_a_user_from_false_to_true()]
UsersController.java,edu.ucsb.cs156.rec.controllers.UsersController,org.pitest.mutationtest.engine.gregor.mutators.returns.NullReturnValsMutator,toggleProfessor,103,KILLED,edu.ucsb.cs156.rec.controllers.UsersControllerTests.[engine:junit-jupiter]/[class:edu.ucsb.cs156.rec.controllers.UsersControllerTests]/[method:admin_can_toggle_professor_status_of_a_user_from_false_to_true()]
UsersController.java,edu.ucsb.cs156.rec.controllers.UsersController,org.pitest.mutationtest.engine.gregor.mutators.NegateConditionalsMutator,toggleStudent,113,KILLED,edu.ucsb.cs156.rec.controllers.UsersControllerTests.[engine:junit-jupiter]/[class:edu.ucsb.cs156.rec.controllers.UsersControllerTests]/[method:admin_can_toggle_student_status_of_a_user_from_true_to_false()]
UsersController.java,edu.ucsb.cs156.rec.controllers.UsersController,org.pitest.mutationtest.engine.gregor.mutators.VoidMethodCallMutator,toggleStudent,113,KILLED,edu.ucsb.cs156.rec.controllers.UsersControllerTests.[engine:junit-jupiter]/[class:edu.ucsb.cs156.rec.controllers.UsersControllerTests]/[method:admin_can_toggle_student_status_of_a_user_from_true_to_false()]
UsersController.java,edu.ucsb.cs156.rec.controllers.UsersController,org.pitest.mutationtest.engine.gregor.mutators.returns.NullReturnValsMutator,toggleStudent,115,KILLED,edu.ucsb.cs156.rec.controllers.UsersControllerTests.[engine:junit-jupiter]/[class:edu.ucsb.cs156.rec.controllers.UsersControllerTests]/[method:admin_can_toggle_student_status_of_a_user_from_true_to_false()]
UsersController.java,edu.ucsb.cs156.rec.controllers.UsersController,org.pitest.mutationtest.engine.gregor.mutators.returns.NullReturnValsMutator,users,52,KILLED,edu.ucsb.cs156.rec.controllers.UsersControllerTests.[engine:junit-jupiter]/[class:edu.ucsb.cs156.rec.controllers.UsersControllerTests]/[method:users__admin_logged_in()]
UsersController.java,edu.ucsb.cs156.rec.controllers.UsersController,org.pitest.mutationtest.engine.gregor.mutators.returns.NullReturnValsMutator,users,63,KILLED,edu.ucsb.cs156.rec.controllers.UsersControllerTests.[engine:junit-jupiter]/[class:edu.ucsb.cs156.rec.controllers.UsersControllerTests]/[method:api_users__admin_logged_in__returns_a_user_that_exists()]
RequestTypeController.java,edu.ucsb.cs156.rec.controllers.RequestTypeController,org.pitest.mutationtest.engine.gregor.mutators.returns.EmptyObjectReturnValsMutator,allRequestTypes,41,KILLED,edu.ucsb.cs156.rec.controllers.RequestTypeControllerTests.[engine:junit-jupiter]/[class:edu.ucsb.cs156.rec.controllers.RequestTypeControllerTests]/[method:logged_in_user_can_get_all_request_types()]
RequestTypeController.java,edu.ucsb.cs156.rec.controllers.RequestTypeController,org.pitest.mutationtest.engine.gregor.mutators.VoidMethodCallMutator,deleteRequestType,97,KILLED,edu.ucsb.cs156.rec.controllers.RequestTypeControllerTests.[engine:junit-jupiter]/[class:edu.ucsb.cs156.rec.controllers.RequestTypeControllerTests]/[method:admin_can_delete_a_request_type()]
RequestTypeController.java,edu.ucsb.cs156.rec.controllers.RequestTypeController,org.pitest.mutationtest.engine.gregor.mutators.returns.NullReturnValsMutator,deleteRequestType,98,KILLED,edu.ucsb.cs156.rec.controllers.RequestTypeControllerTests.[engine:junit-jupiter]/[class:edu.ucsb.cs156.rec.controllers.RequestTypeControllerTests]/[method:admin_can_delete_a_request_type()]
RequestTypeController.java,edu.ucsb.cs156.rec.controllers.RequestTypeController,org.pitest.mutationtest.engine.gregor.mutators.returns.NullReturnValsMutator,getById,54,KILLED,edu.ucsb.cs156.rec.controllers.RequestTypeControllerTests.[engine:junit-jupiter]/[class:edu.ucsb.cs156.rec.controllers.RequestTypeControllerTests]/[method:logged_in_user_can_get_by_id_when_the_id_exists()]
RequestTypeController.java,edu.ucsb.cs156.rec.controllers.RequestTypeController,org.pitest.mutationtest.engine.gregor.mutators.returns.NullReturnValsMutator,lambda$deleteRequestType$1,95,KILLED,edu.ucsb.cs156.rec.controllers.RequestTypeControllerTests.[engine:junit-jupiter]/[class:edu.ucsb.cs156.rec.controllers.RequestTypeControllerTests]/[method:admin_cannot_delete_non_existent_request_type()]
RequestTypeController.java,edu.ucsb.cs156.rec.controllers.RequestTypeController,org.pitest.mutationtest.engine.gregor.mutators.returns.NullReturnValsMutator,lambda$getById$0,55,KILLED,edu.ucsb.cs156.rec.controllers.RequestTypeControllerTests.[engine:junit-jupiter]/[class:edu.ucsb.cs156.rec.controllers.RequestTypeControllerTests]/[method:logged_in_user_cannot_get_by_id_when_the_id_does_not_exist()]
RequestTypeController.java,edu.ucsb.cs156.rec.controllers.RequestTypeController,org.pitest.mutationtest.engine.gregor.mutators.returns.NullReturnValsMutator,lambda$updateRequestType$2,115,KILLED,edu.ucsb.cs156.rec.controllers.RequestTypeControllerTests.[engine:junit-jupiter]/[class:edu.ucsb.cs156.rec.controllers.RequestTypeControllerTests]/[method:admin_cannot_update_nonexistent_request_type()]
RequestTypeController.java,edu.ucsb.cs156.rec.controllers.RequestTypeController,org.pitest.mutationtest.engine.gregor.mutators.NegateConditionalsMutator,postRequestType,68,KILLED,edu.ucsb.cs156.rec.controllers.RequestTypeControllerTests.[engine:junit-jupiter]/[class:edu.ucsb.cs156.rec.controllers.RequestTypeControllerTests]/[method:admin_user_can_post_a_new_request_type()]
RequestTypeController.java,edu.ucsb.cs156.rec.controllers.RequestTypeController,org.pitest.mutationtest.engine.gregor.mutators.returns.NullReturnValsMutator,postRequestType,69,KILLED,edu.ucsb.cs156.rec.controllers.RequestTypeControllerTests.[engine:junit-jupiter]/[class:edu.ucsb.cs156.rec.controllers.RequestTypeControllerTests]/[method:admin_cannot_post_duplicate_request_type()]
RequestTypeController.java,edu.ucsb.cs156.rec.controllers.RequestTypeController,org.pitest.mutationtest.engine.gregor.mutators.returns.NullReturnValsMutator,postRequestType,80,KILLED,edu.ucsb.cs156.rec.controllers.RequestTypeControllerTests.[engine:junit-jupiter]/[class:edu.ucsb.cs156.rec.controllers.RequestTypeControllerTests]/[method:admin_user_can_post_a_new_request_type()]
RequestTypeController.java,edu.ucsb.cs156.rec.controllers.RequestTypeController,org.pitest.mutationtest.engine.gregor.mutators.NegateConditionalsMutator,updateRequestType,117,KILLED,edu.ucsb.cs156.rec.controllers.RequestTypeControllerTests.[engine:junit-jupiter]/[class:edu.ucsb.cs156.rec.controllers.RequestTypeControllerTests]/[method:admin_cannot_update_request_type_to_duplicate_description()]
RequestTypeController.java,edu.ucsb.cs156.rec.controllers.RequestTypeController,org.pitest.mutationtest.engine.gregor.mutators.NegateConditionalsMutator,updateRequestType,118,KILLED,edu.ucsb.cs156.rec.controllers.RequestTypeControllerTests.[engine:junit-jupiter]/[class:edu.ucsb.cs156.rec.controllers.RequestTypeControllerTests]/[method:admin_cannot_update_request_type_to_duplicate_description()]
RequestTypeController.java,edu.ucsb.cs156.rec.controllers.RequestTypeController,org.pitest.mutationtest.engine.gregor.mutators.VoidMethodCallMutator,updateRequestType,125,KILLED,edu.ucsb.cs156.rec.controllers.RequestTypeControllerTests.[engine:junit-jupiter]/[class:edu.ucsb.cs156.rec.controllers.RequestTypeControllerTests]/[method:admin_can_update_existing_request_type()]
RequestTypeController.java,edu.ucsb.cs156.rec.controllers.RequestTypeController,org.pitest.mutationtest.engine.gregor.mutators.returns.NullReturnValsMutator,updateRequestType,119,KILLED,edu.ucsb.cs156.rec.controllers.RequestTypeControllerTests.[engine:junit-jupiter]/[class:edu.ucsb.cs156.rec.controllers.RequestTypeControllerTests]/[method:admin_cannot_update_request_type_to_duplicate_description()]
RequestTypeController.java,edu.ucsb.cs156.rec.controllers.RequestTypeController,org.pitest.mutationtest.engine.gregor.mutators.returns.NullReturnValsMutator,updateRequestType,128,KILLED,edu.ucsb.cs156.rec.controllers.RequestTypeControllerTests.[engine:junit-jupiter]/[class:edu.ucsb.cs156.rec.controllers.RequestTypeControllerTests]/[method:admin_can_update_existing_request_type()]
RoleInterceptor.java,edu.ucsb.cs156.rec.interceptors.RoleInterceptor,org.pitest.mutationtest.engine.gregor.mutators.NegateConditionalsMutator,lambda$preHandle$0,62,KILLED,edu.ucsb.cs156.rec.interceptors.RoleInterceptorTests.[engine:junit-jupiter]/[class:edu.ucsb.cs156.rec.interceptors.RoleInterceptorTests]/[method:updates_admin_role_when_user_admin_false()]
RoleInterceptor.java,edu.ucsb.cs156.rec.interceptors.RoleInterceptor,org.pitest.mutationtest.engine.gregor.mutators.NegateConditionalsMutator,lambda$preHandle$0,63,KILLED,edu.ucsb.cs156.rec.interceptors.RoleInterceptorTests.[engine:junit-jupiter]/[class:edu.ucsb.cs156.rec.interceptors.RoleInterceptorTests]/[method:updates_professor_role_when_user_professor_false()]
RoleInterceptor.java,edu.ucsb.cs156.rec.interceptors.RoleInterceptor,org.pitest.mutationtest.engine.gregor.mutators.NegateConditionalsMutator,lambda$preHandle$0,64,KILLED,edu.ucsb.cs156.rec.interceptors.RoleInterceptorTests.[engine:junit-jupiter]/[class:edu.ucsb.cs156.rec.interceptors.RoleInterceptorTests]/[method:updates_professor_role_when_user_professor_false()]
RoleInterceptor.java,edu.ucsb.cs156.rec.interceptors.RoleInterceptor,org.pitest.mutationtest.engine.gregor.mutators.returns.BooleanTrueReturnValsMutator,lambda$preHandle$0,62,KILLED,edu.ucsb.cs156.rec.interceptors.RoleInterceptorTests.[engine:junit-jupiter]/[class:edu.ucsb.cs156.rec.interceptors.RoleInterceptorTests]/[method:updates_admin_role_when_user_admin_false()]
RoleInterceptor.java,edu.ucsb.cs156.rec.interceptors.RoleInterceptor,org.pitest.mutationtest.engine.gregor.mutators.NegateConditionalsMutator,preHandle,46,KILLED,edu.ucsb.cs156.rec.controllers.RequestTypeControllerTests.[engine:junit-jupiter]/[class:edu.ucsb.cs156.rec.controllers.RequestTypeControllerTests]/[method:logged_out_users_cannot_get_by_id()]
RoleInterceptor.java,edu.ucsb.cs156.rec.interceptors.RoleInterceptor,org.pitest.mutationtest.engine.gregor.mutators.NegateConditionalsMutator,preHandle,54,KILLED,edu.ucsb.cs156.rec.interceptors.RoleInterceptorTests.[engine:junit-jupiter]/[class:edu.ucsb.cs156.rec.interceptors.RoleInterceptorTests]/[method:updates_nothing_when_user_not_present()]
RoleInterceptor.java,edu.ucsb.cs156.rec.interceptors.RoleInterceptor,org.pitest.mutationtest.engine.gregor.mutators.NegateConditionalsMutator,preHandle,68,KILLED,edu.ucsb.cs156.rec.interceptors.RoleInterceptorTests.[engine:junit-jupiter]/[class:edu.ucsb.cs156.rec.interceptors.RoleInterceptorTests]/[method:updates_admin_role_when_user_admin_false()]
RoleInterceptor.java,edu.ucsb.cs156.rec.interceptors.RoleInterceptor,org.pitest.mutationtest.engine.gregor.mutators.NegateConditionalsMutator,preHandle,71,KILLED,edu.ucsb.cs156.rec.interceptors.RoleInterceptorTests.[engine:junit-jupiter]/[class:edu.ucsb.cs156.rec.interceptors.RoleInterceptorTests]/[method:updates_admin_role_when_user_admin_false()]
RoleInterceptor.java,edu.ucsb.cs156.rec.interceptors.RoleInterceptor,org.pitest.mutationtest.engine.gregor.mutators.NegateConditionalsMutator,preHandle,74,KILLED,edu.ucsb.cs156.rec.interceptors.RoleInterceptorTests.[engine:junit-jupiter]/[class:edu.ucsb.cs156.rec.interceptors.RoleInterceptorTests]/[method:updates_admin_role_when_user_admin_false()]
RoleInterceptor.java,edu.ucsb.cs156.rec.interceptors.RoleInterceptor,org.pitest.mutationtest.engine.gregor.mutators.returns.BooleanFalseReturnValsMutator,preHandle,85,KILLED,edu.ucsb.cs156.rec.controllers.RequestTypeControllerTests.[engine:junit-jupiter]/[class:edu.ucsb.cs156.rec.controllers.RequestTypeControllerTests]/[method:logged_out_users_cannot_get_by_id()]
RequestTypeService.java,edu.ucsb.cs156.rec.services.RequestTypeService,org.pitest.mutationtest.engine.gregor.mutators.returns.EmptyObjectReturnValsMutator,initializeRequestTypes,56,KILLED,edu.ucsb.cs156.rec.services.RequestTypeServiceTests.[engine:junit-jupiter]/[class:edu.ucsb.cs156.rec.services.RequestTypeServiceTests]/[method:test_initializeRequestTypes_adds_and_returns_saved_request_types()]
RequestTypeService.java,edu.ucsb.cs156.rec.services.RequestTypeService,org.pitest.mutationtest.engine.gregor.mutators.NegateConditionalsMutator,lambda$initializeRequestTypes$0,48,KILLED,edu.ucsb.cs156.rec.services.RequestTypeServiceTests.[engine:junit-jupiter]/[class:edu.ucsb.cs156.rec.services.RequestTypeServiceTests]/[method:test_initializeRequestTypes_throws_exception_when_save_returns_null()]
RequestTypeService.java,edu.ucsb.cs156.rec.services.RequestTypeService,org.pitest.mutationtest.engine.gregor.mutators.returns.NullReturnValsMutator,lambda$initializeRequestTypes$0,51,KILLED,edu.ucsb.cs156.rec.services.RequestTypeServiceTests.[engine:junit-jupiter]/[class:edu.ucsb.cs156.rec.services.RequestTypeServiceTests]/[method:test_initializeRequestTypes_adds_and_returns_saved_request_types()]
ApiController.java,edu.ucsb.cs156.rec.controllers.ApiController,org.pitest.mutationtest.engine.gregor.mutators.returns.NullReturnValsMutator,genericMessage,38,KILLED,edu.ucsb.cs156.rec.controllers.ApiControllerTests.[engine:junit-jupiter]/[class:edu.ucsb.cs156.rec.controllers.ApiControllerTests]/[method:generic_message_test()]
ApiController.java,edu.ucsb.cs156.rec.controllers.ApiController,org.pitest.mutationtest.engine.gregor.mutators.returns.NullReturnValsMutator,getCurrentUser,29,KILLED,edu.ucsb.cs156.rec.controllers.UserInfoControllerTests.[engine:junit-jupiter]/[class:edu.ucsb.cs156.rec.controllers.UserInfoControllerTests]/[method:currentUser__logged_in()]
ApiController.java,edu.ucsb.cs156.rec.controllers.ApiController,org.pitest.mutationtest.engine.gregor.mutators.returns.NullReturnValsMutator,handleGenericException,49,KILLED,edu.ucsb.cs156.rec.controllers.RecommendationRequestControllerTests.[engine:junit-jupiter]/[class:edu.ucsb.cs156.rec.controllers.RecommendationRequestControllerTests]/[method:test_that_logged_in_user_can_get_by_id_when_the_id_does_not_exist()]
CurrentUserService.java,edu.ucsb.cs156.rec.services.CurrentUserService,org.pitest.mutationtest.engine.gregor.mutators.NegateConditionalsMutator,isLoggedIn,42,KILLED,edu.ucsb.cs156.rec.services.CurrentUserServiceTests.[engine:junit-jupiter]/[class:edu.ucsb.cs156.rec.services.CurrentUserServiceTests]/[method:test_isLoggedIn_returns_true()]
CurrentUserService.java,edu.ucsb.cs156.rec.services.CurrentUserService,org.pitest.mutationtest.engine.gregor.mutators.returns.BooleanTrueReturnValsMutator,isLoggedIn,42,KILLED,edu.ucsb.cs156.rec.services.CurrentUserServiceTests.[engine:junit-jupiter]/[class:edu.ucsb.cs156.rec.services.CurrentUserServiceTests]/[method:test_isLoggedIn_returns_false()]
UserInfoController.java,edu.ucsb.cs156.rec.controllers.UserInfoController,org.pitest.mutationtest.engine.gregor.mutators.returns.NullReturnValsMutator,getCurrentUser,31,KILLED,edu.ucsb.cs156.rec.controllers.UserInfoControllerTests.[engine:junit-jupiter]/[class:edu.ucsb.cs156.rec.controllers.UserInfoControllerTests]/[method:currentUser__logged_in()]
SystemInfoController.java,edu.ucsb.cs156.rec.controllers.SystemInfoController,org.pitest.mutationtest.engine.gregor.mutators.returns.NullReturnValsMutator,getSystemInfo,43,KILLED,edu.ucsb.cs156.rec.controllers.SystemInfoControllerTests.[engine:junit-jupiter]/[class:edu.ucsb.cs156.rec.controllers.SystemInfoControllerTests]/[method:systemInfo__admin_logged_in()]
CSRFController.java,edu.ucsb.cs156.rec.controllers.CSRFController,org.pitest.mutationtest.engine.gregor.mutators.returns.NullReturnValsMutator,csrf,33,KILLED,edu.ucsb.cs156.rec.controllers.CSRFControllerTests.[engine:junit-jupiter]/[class:edu.ucsb.cs156.rec.controllers.CSRFControllerTests]/[method:csrf_returns_ok()]
SystemInfoServiceImpl.java,edu.ucsb.cs156.rec.services.SystemInfoServiceImpl,org.pitest.mutationtest.engine.gregor.mutators.returns.NullReturnValsMutator,getSystemInfo,43,KILLED,edu.ucsb.cs156.rec.services.SystemInfoServiceImplTests.[engine:junit-jupiter]/[class:edu.ucsb.cs156.rec.services.SystemInfoServiceImplTests]/[method:test_getSystemInfo()]
