ApiController.java,edu.ucsb.cs156.rec.controllers.ApiController,org.pitest.mutationtest.engine.gregor.mutators.returns.NullReturnValsMutator,genericMessage,38,KILLED,edu.ucsb.cs156.rec.controllers.ApiControllerTests.[engine:junit-jupiter]/[class:edu.ucsb.cs156.rec.controllers.ApiControllerTests]/[method:generic_message_test()]
ApiController.java,edu.ucsb.cs156.rec.controllers.ApiController,org.pitest.mutationtest.engine.gregor.mutators.returns.NullReturnValsMutator,handleIllegalArgumentException,63,KILLED,edu.ucsb.cs156.rec.controllers.RequestTypeControllerTests.[engine:junit-jupiter]/[class:edu.ucsb.cs156.rec.controllers.RequestTypeControllerTests]/[method:an_admin_user_cannot_post_a_duplicate_requesttype()]
CSRFController.java,edu.ucsb.cs156.rec.controllers.CSRFController,org.pitest.mutationtest.engine.gregor.mutators.returns.NullReturnValsMutator,csrf,33,KILLED,edu.ucsb.cs156.rec.controllers.CSRFControllerTests.[engine:junit-jupiter]/[class:edu.ucsb.cs156.rec.controllers.CSRFControllerTests]/[method:csrf_returns_ok()]
SystemInfoController.java,edu.ucsb.cs156.rec.controllers.SystemInfoController,org.pitest.mutationtest.engine.gregor.mutators.returns.NullReturnValsMutator,getSystemInfo,43,KILLED,edu.ucsb.cs156.rec.controllers.SystemInfoControllerTests.[engine:junit-jupiter]/[class:edu.ucsb.cs156.rec.controllers.SystemInfoControllerTests]/[method:systemInfo__admin_logged_in()]
UserInfoController.java,edu.ucsb.cs156.rec.controllers.UserInfoController,org.pitest.mutationtest.engine.gregor.mutators.returns.NullReturnValsMutator,getCurrentUser,31,KILLED,edu.ucsb.cs156.rec.controllers.UserInfoControllerTests.[engine:junit-jupiter]/[class:edu.ucsb.cs156.rec.controllers.UserInfoControllerTests]/[method:currentUser__logged_in()]
CurrentUserService.java,edu.ucsb.cs156.rec.services.CurrentUserService,org.pitest.mutationtest.engine.gregor.mutators.NegateConditionalsMutator,isLoggedIn,42,KILLED,edu.ucsb.cs156.rec.services.CurrentUserServiceTests.[engine:junit-jupiter]/[class:edu.ucsb.cs156.rec.services.CurrentUserServiceTests]/[method:test_isLoggedIn_returns_true()]
CurrentUserService.java,edu.ucsb.cs156.rec.services.CurrentUserService,org.pitest.mutationtest.engine.gregor.mutators.returns.BooleanTrueReturnValsMutator,isLoggedIn,42,KILLED,edu.ucsb.cs156.rec.services.CurrentUserServiceTests.[engine:junit-jupiter]/[class:edu.ucsb.cs156.rec.services.CurrentUserServiceTests]/[method:test_isLoggedIn_returns_false()]
SystemInfoServiceImpl.java,edu.ucsb.cs156.rec.services.SystemInfoServiceImpl,org.pitest.mutationtest.engine.gregor.mutators.returns.NullReturnValsMutator,getSystemInfo,65,KILLED,edu.ucsb.cs156.rec.services.SystemInfoServiceImplTests.[engine:junit-jupiter]/[class:edu.ucsb.cs156.rec.services.SystemInfoServiceImplTests]/[method:test_getSystemInfo()]
SystemInfoServiceImpl.java,edu.ucsb.cs156.rec.services.SystemInfoServiceImpl,org.pitest.mutationtest.engine.gregor.mutators.NegateConditionalsMutator,githubUrl,45,KILLED,edu.ucsb.cs156.rec.services.SystemInfoServiceImplTests.[engine:junit-jupiter]/[class:edu.ucsb.cs156.rec.services.SystemInfoServiceImplTests]/[method:test_githubUrl()]
SystemInfoServiceImpl.java,edu.ucsb.cs156.rec.services.SystemInfoServiceImpl,org.pitest.mutationtest.engine.gregor.mutators.NegateConditionalsMutator,githubUrl,45,KILLED,edu.ucsb.cs156.rec.services.SystemInfoServiceImplTests.[engine:junit-jupiter]/[class:edu.ucsb.cs156.rec.services.SystemInfoServiceImplTests]/[method:test_githubUrl()]
SystemInfoServiceImpl.java,edu.ucsb.cs156.rec.services.SystemInfoServiceImpl,org.pitest.mutationtest.engine.gregor.mutators.returns.EmptyObjectReturnValsMutator,githubUrl,45,KILLED,edu.ucsb.cs156.rec.services.SystemInfoServiceImplTests.[engine:junit-jupiter]/[class:edu.ucsb.cs156.rec.services.SystemInfoServiceImplTests]/[method:test_githubUrl()]
RecommendationRequestController.java,edu.ucsb.cs156.rec.controllers.RecommendationRequestController,org.pitest.mutationtest.engine.gregor.mutators.returns.EmptyObjectReturnValsMutator,allProfessorRecommendationRequests,194,KILLED,edu.ucsb.cs156.rec.controllers.RecommendationRequestTests.[engine:junit-jupiter]/[class:edu.ucsb.cs156.rec.controllers.RecommendationRequestTests]/[method:logged_in_professors_can_get_all_recommendation_requests_for_them()]
RecommendationRequestController.java,edu.ucsb.cs156.rec.controllers.RecommendationRequestController,org.pitest.mutationtest.engine.gregor.mutators.returns.EmptyObjectReturnValsMutator,allRequesterRecommendationRequests,180,KILLED,edu.ucsb.cs156.rec.controllers.RecommendationRequestTests.[engine:junit-jupiter]/[class:edu.ucsb.cs156.rec.controllers.RecommendationRequestTests]/[method:logged_in_user_can_get_all_recommendation_requests_by_them()]
RecommendationRequestController.java,edu.ucsb.cs156.rec.controllers.RecommendationRequestController,org.pitest.mutationtest.engine.gregor.mutators.VoidMethodCallMutator,deleteRecommendationRequestAsAdmin,62,KILLED,edu.ucsb.cs156.rec.controllers.RecommendationRequestControllerTest.[engine:junit-jupiter]/[class:edu.ucsb.cs156.rec.controllers.RecommendationRequestControllerTest]/[method:admin_can_delete_recommendation_request()]
RecommendationRequestController.java,edu.ucsb.cs156.rec.controllers.RecommendationRequestController,org.pitest.mutationtest.engine.gregor.mutators.returns.NullReturnValsMutator,deleteRecommendationRequestAsAdmin,64,KILLED,edu.ucsb.cs156.rec.controllers.RecommendationRequestControllerTest.[engine:junit-jupiter]/[class:edu.ucsb.cs156.rec.controllers.RecommendationRequestControllerTest]/[method:admin_can_delete_recommendation_request()]
RecommendationRequestController.java,edu.ucsb.cs156.rec.controllers.RecommendationRequestController,org.pitest.mutationtest.engine.gregor.mutators.VoidMethodCallMutator,deleteRecommendationRequestAsProfessor,104,KILLED,edu.ucsb.cs156.rec.controllers.RecommendationRequestControllerTest.[engine:junit-jupiter]/[class:edu.ucsb.cs156.rec.controllers.RecommendationRequestControllerTest]/[method:professor_can_delete_their_recommendation_request()]
RecommendationRequestController.java,edu.ucsb.cs156.rec.controllers.RecommendationRequestController,org.pitest.mutationtest.engine.gregor.mutators.returns.NullReturnValsMutator,deleteRecommendationRequestAsProfessor,106,KILLED,edu.ucsb.cs156.rec.controllers.RecommendationRequestControllerTest.[engine:junit-jupiter]/[class:edu.ucsb.cs156.rec.controllers.RecommendationRequestControllerTest]/[method:professor_can_delete_their_recommendation_request()]
RecommendationRequestController.java,edu.ucsb.cs156.rec.controllers.RecommendationRequestController,org.pitest.mutationtest.engine.gregor.mutators.VoidMethodCallMutator,deleteRecommendationRequestAsUser,83,KILLED,edu.ucsb.cs156.rec.controllers.RecommendationRequestControllerTest.[engine:junit-jupiter]/[class:edu.ucsb.cs156.rec.controllers.RecommendationRequestControllerTest]/[method:user_can_delete_their_recommendation_request()]
RecommendationRequestController.java,edu.ucsb.cs156.rec.controllers.RecommendationRequestController,org.pitest.mutationtest.engine.gregor.mutators.returns.NullReturnValsMutator,deleteRecommendationRequestAsUser,85,KILLED,edu.ucsb.cs156.rec.controllers.RecommendationRequestControllerTest.[engine:junit-jupiter]/[class:edu.ucsb.cs156.rec.controllers.RecommendationRequestControllerTest]/[method:user_can_delete_their_recommendation_request()]
RecommendationRequestController.java,edu.ucsb.cs156.rec.controllers.RecommendationRequestController,org.pitest.mutationtest.engine.gregor.mutators.returns.EmptyObjectReturnValsMutator,getAllRecommendationRequests,274,KILLED,edu.ucsb.cs156.rec.controllers.RecommendationRequestControllerTest.[engine:junit-jupiter]/[class:edu.ucsb.cs156.rec.controllers.RecommendationRequestControllerTest]/[method:admins_can_get_all_requests()]
RecommendationRequestController.java,edu.ucsb.cs156.rec.controllers.RecommendationRequestController,org.pitest.mutationtest.engine.gregor.mutators.NegateConditionalsMutator,getById,210,KILLED,edu.ucsb.cs156.rec.controllers.RecommendationRequestTests.[engine:junit-jupiter]/[class:edu.ucsb.cs156.rec.controllers.RecommendationRequestTests]/[method:test_that_logged_in_user_cannot_get_by_id_when_the_id_exists_and_they_arent_professor_or_requester()]
RecommendationRequestController.java,edu.ucsb.cs156.rec.controllers.RecommendationRequestController,org.pitest.mutationtest.engine.gregor.mutators.NegateConditionalsMutator,getById,210,KILLED,edu.ucsb.cs156.rec.controllers.RecommendationRequestTests.[engine:junit-jupiter]/[class:edu.ucsb.cs156.rec.controllers.RecommendationRequestTests]/[method:test_that_logged_in_user_can_get_by_id_when_the_id_exists_and_they_are_professor()]
RecommendationRequestController.java,edu.ucsb.cs156.rec.controllers.RecommendationRequestController,org.pitest.mutationtest.engine.gregor.mutators.returns.NullReturnValsMutator,getById,213,KILLED,edu.ucsb.cs156.rec.controllers.RecommendationRequestTests.[engine:junit-jupiter]/[class:edu.ucsb.cs156.rec.controllers.RecommendationRequestTests]/[method:test_that_logged_in_user_can_get_by_id_when_the_id_exists_and_they_are_professor()]
RecommendationRequestController.java,edu.ucsb.cs156.rec.controllers.RecommendationRequestController,org.pitest.mutationtest.engine.gregor.mutators.returns.EmptyObjectReturnValsMutator,getRecommendationRequestByStatusForProfessor,263,KILLED,edu.ucsb.cs156.rec.controllers.RecommendationRequestTests.[engine:junit-jupiter]/[class:edu.ucsb.cs156.rec.controllers.RecommendationRequestTests]/[method:test_professor_can_get_recommendation_request_by_type()]
RecommendationRequestController.java,edu.ucsb.cs156.rec.controllers.RecommendationRequestController,org.pitest.mutationtest.engine.gregor.mutators.returns.NullReturnValsMutator,lambda$deleteRecommendationRequestAsAdmin$0,60,KILLED,edu.ucsb.cs156.rec.controllers.RecommendationRequestControllerTest.[engine:junit-jupiter]/[class:edu.ucsb.cs156.rec.controllers.RecommendationRequestControllerTest]/[method:admin_can_not_delete_recommendation_request_that_does_not_exist()]
RecommendationRequestController.java,edu.ucsb.cs156.rec.controllers.RecommendationRequestController,org.pitest.mutationtest.engine.gregor.mutators.returns.NullReturnValsMutator,lambda$deleteRecommendationRequestAsProfessor$2,102,KILLED,edu.ucsb.cs156.rec.controllers.RecommendationRequestControllerTest.[engine:junit-jupiter]/[class:edu.ucsb.cs156.rec.controllers.RecommendationRequestControllerTest]/[method:professor_tries_to_delete_non_existant_recommendation_request_and_gets_right_error_message()]
RecommendationRequestController.java,edu.ucsb.cs156.rec.controllers.RecommendationRequestController,org.pitest.mutationtest.engine.gregor.mutators.returns.NullReturnValsMutator,lambda$deleteRecommendationRequestAsUser$1,81,KILLED,edu.ucsb.cs156.rec.controllers.RecommendationRequestControllerTest.[engine:junit-jupiter]/[class:edu.ucsb.cs156.rec.controllers.RecommendationRequestControllerTest]/[method:user_can_not_delete_belonging_to_another_user()]
RecommendationRequestController.java,edu.ucsb.cs156.rec.controllers.RecommendationRequestController,org.pitest.mutationtest.engine.gregor.mutators.returns.NullReturnValsMutator,lambda$getById$5,209,KILLED,edu.ucsb.cs156.rec.controllers.RecommendationRequestTests.[engine:junit-jupiter]/[class:edu.ucsb.cs156.rec.controllers.RecommendationRequestTests]/[method:test_that_logged_in_user_can_get_by_id_when_the_id_does_not_exist()]
RecommendationRequestController.java,edu.ucsb.cs156.rec.controllers.RecommendationRequestController,org.pitest.mutationtest.engine.gregor.mutators.returns.NullReturnValsMutator,lambda$postRecommendationRequests$6,238,KILLED,edu.ucsb.cs156.rec.controllers.RecommendationRequestTests.[engine:junit-jupiter]/[class:edu.ucsb.cs156.rec.controllers.RecommendationRequestTests]/[method:rec_type_not_table_and_not_other()]
RecommendationRequestController.java,edu.ucsb.cs156.rec.controllers.RecommendationRequestController,org.pitest.mutationtest.engine.gregor.mutators.returns.NullReturnValsMutator,lambda$postRecommendationRequests$7,242,KILLED,edu.ucsb.cs156.rec.controllers.RecommendationRequestTests.[engine:junit-jupiter]/[class:edu.ucsb.cs156.rec.controllers.RecommendationRequestTests]/[method:a_user_can_post_a_new_recommendation_request_without_existing_professor()]
RecommendationRequestController.java,edu.ucsb.cs156.rec.controllers.RecommendationRequestController,org.pitest.mutationtest.engine.gregor.mutators.returns.NullReturnValsMutator,lambda$updateRecommendationRequestAsAdmin$4,154,KILLED,edu.ucsb.cs156.rec.controllers.RecommendationRequestControllerTest.[engine:junit-jupiter]/[class:edu.ucsb.cs156.rec.controllers.RecommendationRequestControllerTest]/[method:prof_can_not_put_recommendation_request_that_does_not_exist()]
RecommendationRequestController.java,edu.ucsb.cs156.rec.controllers.RecommendationRequestController,org.pitest.mutationtest.engine.gregor.mutators.returns.NullReturnValsMutator,lambda$updateRecommendationRequestAsUser$3,128,KILLED,edu.ucsb.cs156.rec.controllers.RecommendationRequestControllerTest.[engine:junit-jupiter]/[class:edu.ucsb.cs156.rec.controllers.RecommendationRequestControllerTest]/[method:user_can_not_put_recommendation_request_that_does_not_exist()]
RecommendationRequestController.java,edu.ucsb.cs156.rec.controllers.RecommendationRequestController,org.pitest.mutationtest.engine.gregor.mutators.NegateConditionalsMutator,postRecommendationRequests,237,KILLED,edu.ucsb.cs156.rec.controllers.RecommendationRequestTests.[engine:junit-jupiter]/[class:edu.ucsb.cs156.rec.controllers.RecommendationRequestTests]/[method:rec_type_not_table_and_not_other()]
RecommendationRequestController.java,edu.ucsb.cs156.rec.controllers.RecommendationRequestController,org.pitest.mutationtest.engine.gregor.mutators.VoidMethodCallMutator,postRecommendationRequests,240,KILLED,edu.ucsb.cs156.rec.controllers.RecommendationRequestTests.[engine:junit-jupiter]/[class:edu.ucsb.cs156.rec.controllers.RecommendationRequestTests]/[method:a_user_can_post_a_new_recommendation_request_with_existing_professor()]
RecommendationRequestController.java,edu.ucsb.cs156.rec.controllers.RecommendationRequestController,org.pitest.mutationtest.engine.gregor.mutators.VoidMethodCallMutator,postRecommendationRequests,241,KILLED,edu.ucsb.cs156.rec.controllers.RecommendationRequestTests.[engine:junit-jupiter]/[class:edu.ucsb.cs156.rec.controllers.RecommendationRequestTests]/[method:a_user_can_post_a_new_recommendation_request_with_existing_professor()]
RecommendationRequestController.java,edu.ucsb.cs156.rec.controllers.RecommendationRequestController,org.pitest.mutationtest.engine.gregor.mutators.VoidMethodCallMutator,postRecommendationRequests,243,KILLED,edu.ucsb.cs156.rec.controllers.RecommendationRequestTests.[engine:junit-jupiter]/[class:edu.ucsb.cs156.rec.controllers.RecommendationRequestTests]/[method:a_user_can_post_a_new_recommendation_request_with_existing_professor()]
RecommendationRequestController.java,edu.ucsb.cs156.rec.controllers.RecommendationRequestController,org.pitest.mutationtest.engine.gregor.mutators.VoidMethodCallMutator,postRecommendationRequests,244,KILLED,edu.ucsb.cs156.rec.controllers.RecommendationRequestTests.[engine:junit-jupiter]/[class:edu.ucsb.cs156.rec.controllers.RecommendationRequestTests]/[method:a_user_can_post_a_new_recommendation_request_with_existing_professor()]
RecommendationRequestController.java,edu.ucsb.cs156.rec.controllers.RecommendationRequestController,org.pitest.mutationtest.engine.gregor.mutators.VoidMethodCallMutator,postRecommendationRequests,245,KILLED,edu.ucsb.cs156.rec.controllers.RecommendationRequestTests.[engine:junit-jupiter]/[class:edu.ucsb.cs156.rec.controllers.RecommendationRequestTests]/[method:a_user_can_post_a_new_recommendation_request_with_existing_professor()]
RecommendationRequestController.java,edu.ucsb.cs156.rec.controllers.RecommendationRequestController,org.pitest.mutationtest.engine.gregor.mutators.VoidMethodCallMutator,postRecommendationRequests,246,KILLED,edu.ucsb.cs156.rec.controllers.RecommendationRequestTests.[engine:junit-jupiter]/[class:edu.ucsb.cs156.rec.controllers.RecommendationRequestTests]/[method:a_user_can_post_a_new_recommendation_request_with_existing_professor()]
RecommendationRequestController.java,edu.ucsb.cs156.rec.controllers.RecommendationRequestController,org.pitest.mutationtest.engine.gregor.mutators.returns.NullReturnValsMutator,postRecommendationRequests,249,KILLED,edu.ucsb.cs156.rec.controllers.RecommendationRequestTests.[engine:junit-jupiter]/[class:edu.ucsb.cs156.rec.controllers.RecommendationRequestTests]/[method:a_user_can_post_a_new_recommendation_request_with_existing_professor()]
RecommendationRequestController.java,edu.ucsb.cs156.rec.controllers.RecommendationRequestController,org.pitest.mutationtest.engine.gregor.mutators.NegateConditionalsMutator,updateRecommendationRequestAsAdmin,160,KILLED,edu.ucsb.cs156.rec.controllers.RecommendationRequestControllerTest.[engine:junit-jupiter]/[class:edu.ucsb.cs156.rec.controllers.RecommendationRequestControllerTest]/[method:prof_can_put_incomplete_recommendation_request()]
RecommendationRequestController.java,edu.ucsb.cs156.rec.controllers.RecommendationRequestController,org.pitest.mutationtest.engine.gregor.mutators.VoidMethodCallMutator,updateRecommendationRequestAsAdmin,158,KILLED,edu.ucsb.cs156.rec.controllers.RecommendationRequestControllerTest.[engine:junit-jupiter]/[class:edu.ucsb.cs156.rec.controllers.RecommendationRequestControllerTest]/[method:prof_can_put_incomplete_recommendation_request()]
RecommendationRequestController.java,edu.ucsb.cs156.rec.controllers.RecommendationRequestController,org.pitest.mutationtest.engine.gregor.mutators.VoidMethodCallMutator,updateRecommendationRequestAsAdmin,161,KILLED,edu.ucsb.cs156.rec.controllers.RecommendationRequestControllerTest.[engine:junit-jupiter]/[class:edu.ucsb.cs156.rec.controllers.RecommendationRequestControllerTest]/[method:prof_can_put_complete_recommendation_request()]
RecommendationRequestController.java,edu.ucsb.cs156.rec.controllers.RecommendationRequestController,org.pitest.mutationtest.engine.gregor.mutators.returns.NullReturnValsMutator,updateRecommendationRequestAsAdmin,166,KILLED,edu.ucsb.cs156.rec.controllers.RecommendationRequestControllerTest.[engine:junit-jupiter]/[class:edu.ucsb.cs156.rec.controllers.RecommendationRequestControllerTest]/[method:prof_can_put_incomplete_recommendation_request()]
RecommendationRequestController.java,edu.ucsb.cs156.rec.controllers.RecommendationRequestController,org.pitest.mutationtest.engine.gregor.mutators.VoidMethodCallMutator,updateRecommendationRequestAsUser,130,KILLED,edu.ucsb.cs156.rec.controllers.RecommendationRequestControllerTest.[engine:junit-jupiter]/[class:edu.ucsb.cs156.rec.controllers.RecommendationRequestControllerTest]/[method:user_logged_in_put_recommendation_request()]
RecommendationRequestController.java,edu.ucsb.cs156.rec.controllers.RecommendationRequestController,org.pitest.mutationtest.engine.gregor.mutators.returns.NullReturnValsMutator,updateRecommendationRequestAsUser,134,KILLED,edu.ucsb.cs156.rec.controllers.RecommendationRequestControllerTest.[engine:junit-jupiter]/[class:edu.ucsb.cs156.rec.controllers.RecommendationRequestControllerTest]/[method:user_logged_in_put_recommendation_request()]
UsersController.java,edu.ucsb.cs156.rec.controllers.UsersController,org.pitest.mutationtest.engine.gregor.mutators.returns.EmptyObjectReturnValsMutator,allProfessors,82,KILLED,edu.ucsb.cs156.rec.controllers.UsersControllerTests.[engine:junit-jupiter]/[class:edu.ucsb.cs156.rec.controllers.UsersControllerTests]/[method:non_admin_can_get_all_professors()]
UsersController.java,edu.ucsb.cs156.rec.controllers.UsersController,org.pitest.mutationtest.engine.gregor.mutators.VoidMethodCallMutator,deleteUser_Admin,102,KILLED,edu.ucsb.cs156.rec.controllers.UsersControllerTests.[engine:junit-jupiter]/[class:edu.ucsb.cs156.rec.controllers.UsersControllerTests]/[method:admin_can_delete()]
UsersController.java,edu.ucsb.cs156.rec.controllers.UsersController,org.pitest.mutationtest.engine.gregor.mutators.returns.NullReturnValsMutator,deleteUser_Admin,103,KILLED,edu.ucsb.cs156.rec.controllers.UsersControllerTests.[engine:junit-jupiter]/[class:edu.ucsb.cs156.rec.controllers.UsersControllerTests]/[method:admin_can_delete()]
UsersController.java,edu.ucsb.cs156.rec.controllers.UsersController,org.pitest.mutationtest.engine.gregor.mutators.returns.NullReturnValsMutator,lambda$deleteUser_Admin$1,101,KILLED,edu.ucsb.cs156.rec.controllers.UsersControllerTests.[engine:junit-jupiter]/[class:edu.ucsb.cs156.rec.controllers.UsersControllerTests]/[method:admin_cant_delete_nonexistent()]
UsersController.java,edu.ucsb.cs156.rec.controllers.UsersController,org.pitest.mutationtest.engine.gregor.mutators.returns.NullReturnValsMutator,lambda$toggleAdmin$2,111,KILLED,edu.ucsb.cs156.rec.controllers.UsersControllerTests.[engine:junit-jupiter]/[class:edu.ucsb.cs156.rec.controllers.UsersControllerTests]/[method:admin_cant_toggle_admin_nonexistent()]
UsersController.java,edu.ucsb.cs156.rec.controllers.UsersController,org.pitest.mutationtest.engine.gregor.mutators.returns.NullReturnValsMutator,lambda$toggleProfessor$3,131,KILLED,edu.ucsb.cs156.rec.controllers.UsersControllerTests.[engine:junit-jupiter]/[class:edu.ucsb.cs156.rec.controllers.UsersControllerTests]/[method:admin_cant_toggle_professor_nonexistent()]
UsersController.java,edu.ucsb.cs156.rec.controllers.UsersController,org.pitest.mutationtest.engine.gregor.mutators.returns.NullReturnValsMutator,lambda$users$0,91,KILLED,edu.ucsb.cs156.rec.controllers.UsersControllerTests.[engine:junit-jupiter]/[class:edu.ucsb.cs156.rec.controllers.UsersControllerTests]/[method:admin_cant_get_nonexistent()]
UsersController.java,edu.ucsb.cs156.rec.controllers.UsersController,org.pitest.mutationtest.engine.gregor.mutators.NegateConditionalsMutator,toggleAdmin,117,KILLED,edu.ucsb.cs156.rec.controllers.UsersControllerTests.[engine:junit-jupiter]/[class:edu.ucsb.cs156.rec.controllers.UsersControllerTests]/[method:admin_can_toggle_admin_flip()]
UsersController.java,edu.ucsb.cs156.rec.controllers.UsersController,org.pitest.mutationtest.engine.gregor.mutators.NegateConditionalsMutator,toggleAdmin,117,KILLED,edu.ucsb.cs156.rec.controllers.UsersControllerTests.[engine:junit-jupiter]/[class:edu.ucsb.cs156.rec.controllers.UsersControllerTests]/[method:admin_cannot_remove_own_admin_status()]
UsersController.java,edu.ucsb.cs156.rec.controllers.UsersController,org.pitest.mutationtest.engine.gregor.mutators.NegateConditionalsMutator,toggleAdmin,121,KILLED,edu.ucsb.cs156.rec.controllers.UsersControllerTests.[engine:junit-jupiter]/[class:edu.ucsb.cs156.rec.controllers.UsersControllerTests]/[method:admin_can_toggle_admin()]
UsersController.java,edu.ucsb.cs156.rec.controllers.UsersController,org.pitest.mutationtest.engine.gregor.mutators.VoidMethodCallMutator,toggleAdmin,121,KILLED,edu.ucsb.cs156.rec.controllers.UsersControllerTests.[engine:junit-jupiter]/[class:edu.ucsb.cs156.rec.controllers.UsersControllerTests]/[method:admin_can_toggle_admin()]
UsersController.java,edu.ucsb.cs156.rec.controllers.UsersController,org.pitest.mutationtest.engine.gregor.mutators.returns.NullReturnValsMutator,toggleAdmin,123,KILLED,edu.ucsb.cs156.rec.controllers.UsersControllerTests.[engine:junit-jupiter]/[class:edu.ucsb.cs156.rec.controllers.UsersControllerTests]/[method:admin_can_toggle_admin()]
UsersController.java,edu.ucsb.cs156.rec.controllers.UsersController,org.pitest.mutationtest.engine.gregor.mutators.NegateConditionalsMutator,toggleProfessor,133,KILLED,edu.ucsb.cs156.rec.controllers.UsersControllerTests.[engine:junit-jupiter]/[class:edu.ucsb.cs156.rec.controllers.UsersControllerTests]/[method:admin_can_toggle_professor()]
UsersController.java,edu.ucsb.cs156.rec.controllers.UsersController,org.pitest.mutationtest.engine.gregor.mutators.VoidMethodCallMutator,toggleProfessor,133,KILLED,edu.ucsb.cs156.rec.controllers.UsersControllerTests.[engine:junit-jupiter]/[class:edu.ucsb.cs156.rec.controllers.UsersControllerTests]/[method:admin_can_toggle_professor()]
UsersController.java,edu.ucsb.cs156.rec.controllers.UsersController,org.pitest.mutationtest.engine.gregor.mutators.returns.NullReturnValsMutator,toggleProfessor,135,KILLED,edu.ucsb.cs156.rec.controllers.UsersControllerTests.[engine:junit-jupiter]/[class:edu.ucsb.cs156.rec.controllers.UsersControllerTests]/[method:admin_can_toggle_professor()]
UsersController.java,edu.ucsb.cs156.rec.controllers.UsersController,org.pitest.mutationtest.engine.gregor.mutators.returns.NullReturnValsMutator,users,61,KILLED,edu.ucsb.cs156.rec.controllers.UsersControllerTests.[engine:junit-jupiter]/[class:edu.ucsb.cs156.rec.controllers.UsersControllerTests]/[method:users__admin_logged_in()]
UsersController.java,edu.ucsb.cs156.rec.controllers.UsersController,org.pitest.mutationtest.engine.gregor.mutators.returns.NullReturnValsMutator,users,93,KILLED,edu.ucsb.cs156.rec.controllers.UsersControllerTests.[engine:junit-jupiter]/[class:edu.ucsb.cs156.rec.controllers.UsersControllerTests]/[method:admin_can_get()]
RequestTypeController.java,edu.ucsb.cs156.rec.controllers.RequestTypeController,org.pitest.mutationtest.engine.gregor.mutators.returns.EmptyObjectReturnValsMutator,allRequestTypes,51,KILLED,edu.ucsb.cs156.rec.controllers.RequestTypeControllerTests.[engine:junit-jupiter]/[class:edu.ucsb.cs156.rec.controllers.RequestTypeControllerTests]/[method:non_duplicates_do_not_throw_exception()]
RequestTypeController.java,edu.ucsb.cs156.rec.controllers.RequestTypeController,org.pitest.mutationtest.engine.gregor.mutators.VoidMethodCallMutator,deleteRequestType,117,KILLED,edu.ucsb.cs156.rec.controllers.RequestTypeControllerTests.[engine:junit-jupiter]/[class:edu.ucsb.cs156.rec.controllers.RequestTypeControllerTests]/[method:admin_can_delete_a_requesttype()]
RequestTypeController.java,edu.ucsb.cs156.rec.controllers.RequestTypeController,org.pitest.mutationtest.engine.gregor.mutators.returns.NullReturnValsMutator,deleteRequestType,118,KILLED,edu.ucsb.cs156.rec.controllers.RequestTypeControllerTests.[engine:junit-jupiter]/[class:edu.ucsb.cs156.rec.controllers.RequestTypeControllerTests]/[method:admin_can_delete_a_requesttype()]
RequestTypeController.java,edu.ucsb.cs156.rec.controllers.RequestTypeController,org.pitest.mutationtest.engine.gregor.mutators.returns.NullReturnValsMutator,getById,68,KILLED,edu.ucsb.cs156.rec.controllers.RequestTypeControllerTests.[engine:junit-jupiter]/[class:edu.ucsb.cs156.rec.controllers.RequestTypeControllerTests]/[method:test_that_logged_in_user_can_get_by_id_when_the_id_exists()]
RequestTypeController.java,edu.ucsb.cs156.rec.controllers.RequestTypeController,org.pitest.mutationtest.engine.gregor.mutators.returns.NullReturnValsMutator,lambda$deleteRequestType$1,115,KILLED,edu.ucsb.cs156.rec.controllers.RequestTypeControllerTests.[engine:junit-jupiter]/[class:edu.ucsb.cs156.rec.controllers.RequestTypeControllerTests]/[method:admin_tries_to_delete_non_existant_requesttype_and_gets_right_error_message()]
RequestTypeController.java,edu.ucsb.cs156.rec.controllers.RequestTypeController,org.pitest.mutationtest.engine.gregor.mutators.returns.NullReturnValsMutator,lambda$getById$0,66,KILLED,edu.ucsb.cs156.rec.controllers.RequestTypeControllerTests.[engine:junit-jupiter]/[class:edu.ucsb.cs156.rec.controllers.RequestTypeControllerTests]/[method:test_that_logged_in_user_can_get_by_id_when_the_id_does_not_exist()]
RequestTypeController.java,edu.ucsb.cs156.rec.controllers.RequestTypeController,org.pitest.mutationtest.engine.gregor.mutators.returns.NullReturnValsMutator,lambda$updateRequestType$2,136,KILLED,edu.ucsb.cs156.rec.controllers.RequestTypeControllerTests.[engine:junit-jupiter]/[class:edu.ucsb.cs156.rec.controllers.RequestTypeControllerTests]/[method:admin_cannot_edit_requesttype_that_does_not_exist()]
RequestTypeController.java,edu.ucsb.cs156.rec.controllers.RequestTypeController,org.pitest.mutationtest.engine.gregor.mutators.NegateConditionalsMutator,postRequestType,89,KILLED,edu.ucsb.cs156.rec.controllers.RequestTypeControllerTests.[engine:junit-jupiter]/[class:edu.ucsb.cs156.rec.controllers.RequestTypeControllerTests]/[method:an_admin_user_cannot_post_a_duplicate_requesttype()]
RequestTypeController.java,edu.ucsb.cs156.rec.controllers.RequestTypeController,org.pitest.mutationtest.engine.gregor.mutators.VoidMethodCallMutator,postRequestType,96,KILLED,edu.ucsb.cs156.rec.controllers.RequestTypeControllerTests.[engine:junit-jupiter]/[class:edu.ucsb.cs156.rec.controllers.RequestTypeControllerTests]/[method:an_admin_user_can_post_a_non_duplicate_requesttype()]
RequestTypeController.java,edu.ucsb.cs156.rec.controllers.RequestTypeController,org.pitest.mutationtest.engine.gregor.mutators.returns.NullReturnValsMutator,postRequestType,100,KILLED,edu.ucsb.cs156.rec.controllers.RequestTypeControllerTests.[engine:junit-jupiter]/[class:edu.ucsb.cs156.rec.controllers.RequestTypeControllerTests]/[method:an_admin_user_can_post_a_non_duplicate_requesttype()]
RequestTypeController.java,edu.ucsb.cs156.rec.controllers.RequestTypeController,org.pitest.mutationtest.engine.gregor.mutators.NegateConditionalsMutator,updateRequestType,142,KILLED,edu.ucsb.cs156.rec.controllers.RequestTypeControllerTests.[engine:junit-jupiter]/[class:edu.ucsb.cs156.rec.controllers.RequestTypeControllerTests]/[method:admin_cannot_edit_a_duplicate_requesttype()]
RequestTypeController.java,edu.ucsb.cs156.rec.controllers.RequestTypeController,org.pitest.mutationtest.engine.gregor.mutators.NegateConditionalsMutator,updateRequestType,145,KILLED,edu.ucsb.cs156.rec.controllers.RequestTypeControllerTests.[engine:junit-jupiter]/[class:edu.ucsb.cs156.rec.controllers.RequestTypeControllerTests]/[method:admin_cannot_edit_a_duplicate_requesttype()]
RequestTypeController.java,edu.ucsb.cs156.rec.controllers.RequestTypeController,org.pitest.mutationtest.engine.gregor.mutators.NegateConditionalsMutator,updateRequestType,148,KILLED,edu.ucsb.cs156.rec.controllers.RequestTypeControllerTests.[engine:junit-jupiter]/[class:edu.ucsb.cs156.rec.controllers.RequestTypeControllerTests]/[method:admin_can_edit_a_non_duplicate_requesttype()]
RequestTypeController.java,edu.ucsb.cs156.rec.controllers.RequestTypeController,org.pitest.mutationtest.engine.gregor.mutators.VoidMethodCallMutator,updateRequestType,154,KILLED,edu.ucsb.cs156.rec.controllers.RequestTypeControllerTests.[engine:junit-jupiter]/[class:edu.ucsb.cs156.rec.controllers.RequestTypeControllerTests]/[method:admin_can_edit_an_existing_requesttype()]
RequestTypeController.java,edu.ucsb.cs156.rec.controllers.RequestTypeController,org.pitest.mutationtest.engine.gregor.mutators.returns.NullReturnValsMutator,updateRequestType,157,KILLED,edu.ucsb.cs156.rec.controllers.RequestTypeControllerTests.[engine:junit-jupiter]/[class:edu.ucsb.cs156.rec.controllers.RequestTypeControllerTests]/[method:admin_can_edit_an_existing_requesttype()]
RoleInterceptor.java,edu.ucsb.cs156.rec.interceptors.RoleInterceptor,org.pitest.mutationtest.engine.gregor.mutators.NegateConditionalsMutator,lambda$preHandle$0,50,KILLED,edu.ucsb.cs156.rec.interceptors.RoleInterceptorTests.[engine:junit-jupiter]/[class:edu.ucsb.cs156.rec.interceptors.RoleInterceptorTests]/[method:does_not_give_admin_to_non_admin()]
RoleInterceptor.java,edu.ucsb.cs156.rec.interceptors.RoleInterceptor,org.pitest.mutationtest.engine.gregor.mutators.NegateConditionalsMutator,lambda$preHandle$0,51,KILLED,edu.ucsb.cs156.rec.interceptors.RoleInterceptorTests.[engine:junit-jupiter]/[class:edu.ucsb.cs156.rec.interceptors.RoleInterceptorTests]/[method:does_not_give_admin_to_non_admin()]
RoleInterceptor.java,edu.ucsb.cs156.rec.interceptors.RoleInterceptor,org.pitest.mutationtest.engine.gregor.mutators.returns.BooleanTrueReturnValsMutator,lambda$preHandle$0,50,KILLED,edu.ucsb.cs156.rec.interceptors.RoleInterceptorTests.[engine:junit-jupiter]/[class:edu.ucsb.cs156.rec.interceptors.RoleInterceptorTests]/[method:does_not_give_admin_to_non_admin()]
RoleInterceptor.java,edu.ucsb.cs156.rec.interceptors.RoleInterceptor,org.pitest.mutationtest.engine.gregor.mutators.NegateConditionalsMutator,preHandle,42,KILLED,edu.ucsb.cs156.rec.controllers.RequestTypeControllerTests.[engine:junit-jupiter]/[class:edu.ucsb.cs156.rec.controllers.RequestTypeControllerTests]/[method:logged_out_users_cannot_get_all_request_types()]
RoleInterceptor.java,edu.ucsb.cs156.rec.interceptors.RoleInterceptor,org.pitest.mutationtest.engine.gregor.mutators.NegateConditionalsMutator,preHandle,46,KILLED,edu.ucsb.cs156.rec.interceptors.RoleInterceptorTests.[engine:junit-jupiter]/[class:edu.ucsb.cs156.rec.interceptors.RoleInterceptorTests]/[method:no_user_means_no_updates()]
RoleInterceptor.java,edu.ucsb.cs156.rec.interceptors.RoleInterceptor,org.pitest.mutationtest.engine.gregor.mutators.NegateConditionalsMutator,preHandle,53,KILLED,edu.ucsb.cs156.rec.interceptors.RoleInterceptorTests.[engine:junit-jupiter]/[class:edu.ucsb.cs156.rec.interceptors.RoleInterceptorTests]/[method:does_not_give_admin_to_non_admin()]
RoleInterceptor.java,edu.ucsb.cs156.rec.interceptors.RoleInterceptor,org.pitest.mutationtest.engine.gregor.mutators.NegateConditionalsMutator,preHandle,56,KILLED,edu.ucsb.cs156.rec.interceptors.RoleInterceptorTests.[engine:junit-jupiter]/[class:edu.ucsb.cs156.rec.interceptors.RoleInterceptorTests]/[method:does_not_give_admin_to_non_admin()]
RoleInterceptor.java,edu.ucsb.cs156.rec.interceptors.RoleInterceptor,org.pitest.mutationtest.engine.gregor.mutators.returns.BooleanFalseReturnValsMutator,preHandle,64,KILLED,edu.ucsb.cs156.rec.controllers.UsersControllerTests.[engine:junit-jupiter]/[class:edu.ucsb.cs156.rec.controllers.UsersControllerTests]/[method:users__user_logged_in()]
ApiController.java,edu.ucsb.cs156.rec.controllers.ApiController,org.pitest.mutationtest.engine.gregor.mutators.returns.NullReturnValsMutator,getCurrentUser,29,KILLED,edu.ucsb.cs156.rec.controllers.RecommendationRequestTests.[engine:junit-jupiter]/[class:edu.ucsb.cs156.rec.controllers.RecommendationRequestTests]/[method:logged_in_professors_can_get_all_professor()]
ApiController.java,edu.ucsb.cs156.rec.controllers.ApiController,org.pitest.mutationtest.engine.gregor.mutators.returns.NullReturnValsMutator,handleGenericException,49,KILLED,edu.ucsb.cs156.rec.controllers.UsersControllerTests.[engine:junit-jupiter]/[class:edu.ucsb.cs156.rec.controllers.UsersControllerTests]/[method:admin_cant_get_nonexistent()]
